-- MySQL dump 10.13  Distrib 8.0.28, for Win64 (x86_64)
--
-- Host: 127.0.0.1    Database: funko_shop
-- ------------------------------------------------------
-- Server version	8.0.28

/*!40101 SET @OLD_CHARACTER_SET_CLIENT=@@CHARACTER_SET_CLIENT */;
/*!40101 SET @OLD_CHARACTER_SET_RESULTS=@@CHARACTER_SET_RESULTS */;
/*!40101 SET @OLD_COLLATION_CONNECTION=@@COLLATION_CONNECTION */;
/*!50503 SET NAMES utf8 */;
/*!40103 SET @OLD_TIME_ZONE=@@TIME_ZONE */;
/*!40103 SET TIME_ZONE='+00:00' */;
/*!40014 SET @OLD_UNIQUE_CHECKS=@@UNIQUE_CHECKS, UNIQUE_CHECKS=0 */;
/*!40014 SET @OLD_FOREIGN_KEY_CHECKS=@@FOREIGN_KEY_CHECKS, FOREIGN_KEY_CHECKS=0 */;
/*!40101 SET @OLD_SQL_MODE=@@SQL_MODE, SQL_MODE='NO_AUTO_VALUE_ON_ZERO' */;
/*!40111 SET @OLD_SQL_NOTES=@@SQL_NOTES, SQL_NOTES=0 */;

--
-- Table structure for table `category_product`
--

DROP TABLE IF EXISTS `category_product`;
/*!40101 SET @saved_cs_client     = @@character_set_client */;
/*!50503 SET character_set_client = utf8mb4 */;
CREATE TABLE `category_product` (
  `id` int NOT NULL AUTO_INCREMENT,
  `name_category` varchar(255) NOT NULL,
  PRIMARY KEY (`id`)
) ENGINE=InnoDB AUTO_INCREMENT=4 DEFAULT CHARSET=utf8mb4 COLLATE=utf8mb4_general_ci;
/*!40101 SET character_set_client = @saved_cs_client */;

--
-- Dumping data for table `category_product`
--

LOCK TABLES `category_product` WRITE;
/*!40000 ALTER TABLE `category_product` DISABLE KEYS */;
INSERT INTO `category_product` VALUES (1,'series infantiles'),(2,'series adultos'),(3,'peliculas');
/*!40000 ALTER TABLE `category_product` ENABLE KEYS */;
UNLOCK TABLES;

--
-- Table structure for table `category_user`
--

DROP TABLE IF EXISTS `category_user`;
/*!40101 SET @saved_cs_client     = @@character_set_client */;
/*!50503 SET character_set_client = utf8mb4 */;
CREATE TABLE `category_user` (
  `id` int NOT NULL AUTO_INCREMENT,
  `profile_category` varchar(255) NOT NULL,
  PRIMARY KEY (`id`)
) ENGINE=InnoDB AUTO_INCREMENT=3 DEFAULT CHARSET=utf8mb4 COLLATE=utf8mb4_general_ci;
/*!40101 SET character_set_client = @saved_cs_client */;

--
-- Dumping data for table `category_user`
--

LOCK TABLES `category_user` WRITE;
/*!40000 ALTER TABLE `category_user` DISABLE KEYS */;
INSERT INTO `category_user` VALUES (1,'Administrador'),(2,'usuario');
/*!40000 ALTER TABLE `category_user` ENABLE KEYS */;
UNLOCK TABLES;

--
-- Table structure for table `products`
--

DROP TABLE IF EXISTS `products`;
/*!40101 SET @saved_cs_client     = @@character_set_client */;
/*!50503 SET character_set_client = utf8mb4 */;
CREATE TABLE `products` (
  `id` int NOT NULL AUTO_INCREMENT,
  `product_name` varchar(255) NOT NULL,
  `product_description` text NOT NULL,
  `image` varchar(255) NOT NULL,
  `category_id` int NOT NULL,
  `price` int NOT NULL,
  PRIMARY KEY (`id`),
  KEY `FK_category_product_id_idx` (`category_id`),
  CONSTRAINT `FK_category_product_id` FOREIGN KEY (`category_id`) REFERENCES `category_product` (`id`)
) ENGINE=InnoDB AUTO_INCREMENT=13 DEFAULT CHARSET=utf8mb4 COLLATE=utf8mb4_general_ci;
/*!40101 SET character_set_client = @saved_cs_client */;

--
-- Dumping data for table `products`
--

LOCK TABLES `products` WRITE;
/*!40000 ALTER TABLE `products` DISABLE KEYS */;
INSERT INTO `products` VALUES (1,'Avatar maestro del aire','Personaje FunkoPop de la serie Avatar','Ang Avatar.PNG',1,35000),(2,'Ashi samurai','Personaje FunkoPop de la serie SamUrai JACK','Ashi.PNG',1,32000),(3,'Donatelo tortugas ninja','Personade FunkoPop de la serie las Tortugas Ninjas','Donatelo.PNG',1,37000),(4,'Kramer buen policia','Personaje de FunkoPop de la serie Seinfeld','Kramer buen policia.PNG',2,35000),(5,'Wall-e','Personaje FunkoPop de la pelicula Wall-e','Wall-e.PNG',3,35000),(6,'Dexter','Personaje FunkoPop de la serie Dexter','Dexter.PNG',2,35000),(7,'Arthur espada','Personaje FunkoPop de la pelicula The Sword in The Stone','Arthur espada.PNG',3,35000),(8,'Eve','Personaje FunkoPop de la pelicula Wall-E','Eve.PNG',3,35000),(9,'Deadpool Barista','Personaje FunkoPop de la pelicula Deadpool','deadepool.jpg',3,60000),(10,'Capitan America','Personaje FunkoPop de la pelicula Capitan America','capitan-america.jpg',3,60000),(11,'Profesor X','Personaje FunkoPop de las peliculas X-Men','profesor x.jpg',3,60000),(12,'Thanos','Personje FunkoPop del pelicula The Avengers','thanos.jpg',3,60000);
/*!40000 ALTER TABLE `products` ENABLE KEYS */;
UNLOCK TABLES;

--
-- Table structure for table `shopping_car`
--

DROP TABLE IF EXISTS `shopping_car`;
/*!40101 SET @saved_cs_client     = @@character_set_client */;
/*!50503 SET character_set_client = utf8mb4 */;
CREATE TABLE `shopping_car` (
  `id` int NOT NULL AUTO_INCREMENT,
  `quantity` int NOT NULL,
  `unit_price` int NOT NULL,
  `total_price` int NOT NULL,
  `product_user_id` int NOT NULL,
  PRIMARY KEY (`id`),
  KEY `FK_product_user_id_idx` (`product_user_id`),
  CONSTRAINT `FK_product_user_id` FOREIGN KEY (`product_user_id`) REFERENCES `user_product` (`id`)
) ENGINE=InnoDB DEFAULT CHARSET=utf8mb4 COLLATE=utf8mb4_general_ci;
/*!40101 SET character_set_client = @saved_cs_client */;

--
-- Dumping data for table `shopping_car`
--

LOCK TABLES `shopping_car` WRITE;
/*!40000 ALTER TABLE `shopping_car` DISABLE KEYS */;
/*!40000 ALTER TABLE `shopping_car` ENABLE KEYS */;
UNLOCK TABLES;

--
-- Table structure for table `user_product`
--

DROP TABLE IF EXISTS `user_product`;
/*!40101 SET @saved_cs_client     = @@character_set_client */;
/*!50503 SET character_set_client = utf8mb4 */;
CREATE TABLE `user_product` (
  `id` int NOT NULL,
  `user_id` int NOT NULL,
  `product_id` int NOT NULL,
  PRIMARY KEY (`id`),
  KEY `FK_user_products_user_id` (`user_id`),
  KEY `FK_users_products_products_id` (`product_id`),
  CONSTRAINT `FK_user_products_user_id` FOREIGN KEY (`user_id`) REFERENCES `users` (`id`) ON DELETE CASCADE ON UPDATE CASCADE,
  CONSTRAINT `FK_users_products_products_id` FOREIGN KEY (`product_id`) REFERENCES `products` (`id`) ON DELETE CASCADE ON UPDATE CASCADE
) ENGINE=InnoDB DEFAULT CHARSET=utf8mb4 COLLATE=utf8mb4_general_ci;
/*!40101 SET character_set_client = @saved_cs_client */;

--
-- Dumping data for table `user_product`
--

LOCK TABLES `user_product` WRITE;
/*!40000 ALTER TABLE `user_product` DISABLE KEYS */;
/*!40000 ALTER TABLE `user_product` ENABLE KEYS */;
UNLOCK TABLES;

--
-- Table structure for table `users`
--

DROP TABLE IF EXISTS `users`;
/*!40101 SET @saved_cs_client     = @@character_set_client */;
/*!50503 SET character_set_client = utf8mb4 */;
CREATE TABLE `users` (
  `id` int NOT NULL AUTO_INCREMENT,
  `full_name` varchar(255) NOT NULL,
  `user_name` varchar(255) NOT NULL,
  `email` varchar(255) NOT NULL,
  `password` varchar(255) NOT NULL,
  `profile_picture` varchar(255) DEFAULT NULL,
  `category_user_id` int NOT NULL,
  PRIMARY KEY (`id`),
  UNIQUE KEY `email_UNIQUE` (`email`),
  KEY `FK_category_user_id` (`category_user_id`),
  CONSTRAINT `FK_category_user_id` FOREIGN KEY (`category_user_id`) REFERENCES `category_user` (`id`) ON DELETE CASCADE ON UPDATE CASCADE
) ENGINE=InnoDB DEFAULT CHARSET=utf8mb4 COLLATE=utf8mb4_general_ci;
/*!40101 SET character_set_client = @saved_cs_client */;

--
-- Dumping data for table `users`
--

LOCK TABLES `users` WRITE;
/*!40000 ALTER TABLE `users` DISABLE KEYS */;
/*!40000 ALTER TABLE `users` ENABLE KEYS */;
UNLOCK TABLES;
/*!40103 SET TIME_ZONE=@OLD_TIME_ZONE */;

/*!40101 SET SQL_MODE=@OLD_SQL_MODE */;
/*!40014 SET FOREIGN_KEY_CHECKS=@OLD_FOREIGN_KEY_CHECKS */;
/*!40014 SET UNIQUE_CHECKS=@OLD_UNIQUE_CHECKS */;
/*!40101 SET CHARACTER_SET_CLIENT=@OLD_CHARACTER_SET_CLIENT */;
/*!40101 SET CHARACTER_SET_RESULTS=@OLD_CHARACTER_SET_RESULTS */;
/*!40101 SET COLLATION_CONNECTION=@OLD_COLLATION_CONNECTION */;
/*!40111 SET SQL_NOTES=@OLD_SQL_NOTES */;

-- Dump completed on 2022-03-19 20:41:59
